[{"id":"user-image-successful-old-businessman-suit-glasses-looking-confident.jpg","publicUrl":"np://user.desktop.nicepage.com/Site_898600422/images/successful-old-businessman-suit-glasses-looking-confident.jpg","size":42734,"hash":"wBrpLa/AXLrweHoosKvoAblUa5I=","fileName":"successful-old-businessman-suit-glasses-looking-confident.jpg","name":"successful-old-businessman-suit-glasses-looking-confident","width":1500,"height":1000,"thumbnail":{"url":"np://user.desktop.nicepage.com/Site_898600422/images/thumbnails/successful-old-businessman-suit-glasses-looking-confident.jpg","width":250,"height":167},"originalUrl":"//images01.nicepagecdn.com/a1389d7bc73adea1e1c1fb7e/74ccf7a395d258ce99fdda20/successful-old-businessman-suit-glasses-looking-confident.jpg","usages":["542928420"]},{"id":"user-image-fashionable-young-redhead-woman-with-braid-tattoo-shoulder-having-rest-indoors.jpg","publicUrl":"np://user.desktop.nicepage.com/Site_898600422/images/fashionable-young-redhead-woman-with-braid-tattoo-shoulder-having-rest-indoors.jpg","size":50191,"hash":"IP3axI92rSYrZqmtDqAxYpetXl8=","fileName":"fashionable-young-redhead-woman-with-braid-tattoo-shoulder-having-rest-indoors.jpg","name":"fashionable-young-redhead-woman-with-braid-tattoo-shoulder-having-rest-indoors","width":1500,"height":1000,"thumbnail":{"url":"np://user.desktop.nicepage.com/Site_898600422/images/thumbnails/fashionable-young-redhead-woman-with-braid-tattoo-shoulder-having-rest-indoors.jpg","width":250,"height":167},"originalUrl":"//images01.nicepagecdn.com/a1389d7bc73adea1e1c1fb7e/ee6258ad779a50aeb60a64b7/fashionable-young-redhead-woman-with-braid-tattoo-shoulder-having-rest-indoors.jpg","usages":["542928420"]},{"id":"user-image-business-sucessful-businessman-working-with-laptop-using-computer-smiling-standing.jpg","publicUrl":"np://user.desktop.nicepage.com/Site_898600422/images/business-sucessful-businessman-working-with-laptop-using-computer-smiling-standing.jpg","size":40354,"hash":"wlJE8xtKP5nBToSCMy7Pg8jciLk=","fileName":"business-sucessful-businessman-working-with-laptop-using-computer-smiling-standing.jpg","name":"business-sucessful-businessman-working-with-laptop-using-computer-smiling-standing","width":1500,"height":1000,"thumbnail":{"url":"np://user.desktop.nicepage.com/Site_898600422/images/thumbnails/business-sucessful-businessman-working-with-laptop-using-computer-smiling-standing.jpg","width":250,"height":167},"originalUrl":"//images01.nicepagecdn.com/a1389d7bc73adea1e1c1fb7e/20cebe00b3975420afb850e2/business-sucessful-businessman-working-with-laptop-using-computer-smiling-standing.jpg","usages":["542928420"]},{"id":"user-image-woman-sitting-sofa-with-laptop-legs.jpg","publicUrl":"np://user.desktop.nicepage.com/Site_898600422/images/woman-sitting-sofa-with-laptop-legs.jpg","size":54519,"hash":"FzzkJpEfBtVR1QMa3Q2woyRUcCI=","fileName":"woman-sitting-sofa-with-laptop-legs.jpg","name":"woman-sitting-sofa-with-laptop-legs","width":1500,"height":1001,"thumbnail":{"url":"np://user.desktop.nicepage.com/Site_898600422/images/thumbnails/woman-sitting-sofa-with-laptop-legs.jpg","width":250,"height":167},"originalUrl":"//images01.nicepagecdn.com/a1389d7bc73adea1e1c1fb7e/29fd0360109159e1970d573a/woman-sitting-sofa-with-laptop-legs.jpg","usages":["542928420"]},{"id":"user-image-205d33fb-71c4-40dc-a07f-7a1273e85973.png","publicUrl":"np://user.desktop.nicepage.com/Site_898600422/images/205d33fb-71c4-40dc-a07f-7a1273e85973.png","size":2837,"hash":"R83tHsBHGKlBV5GxPjRmxc9hhy0=","fileName":"205d33fb-71c4-40dc-a07f-7a1273e85973.png","name":"205d33fb-71c4-40dc-a07f-7a1273e85973","width":128,"height":128,"thumbnail":{"url":"np://user.desktop.nicepage.com/Site_898600422/images/thumbnails/205d33fb-71c4-40dc-a07f-7a1273e85973.png","width":128,"height":128,"length":2837,"type":"png"},"originalUrl":"//images01.nicepagecdn.com/c461c07a441a5d220e8feb1a/161ee57e48db58a0bd8de6c2/205d33fb-71c4-40dc-a07f-7a1273e85973.png","usages":["542928420"]},{"id":"user-image-jhhhhhh.jpg","publicUrl":"np://user.desktop.nicepage.com/Site_898600422/images/jhhhhhh.jpg","size":107262,"hash":"rS311Id2qrfAZRSpi6K4AKAUrXo=","fileName":"jhhhhhh.jpg","name":"jhhhhhh","width":1620,"height":1080,"thumbnail":{"url":"np://user.desktop.nicepage.com/Site_898600422/images/thumbnails/jhhhhhh.jpg","width":250,"height":167},"originalUrl":"//images01.nicepagecdn.com/c461c07a441a5d220e8feb1a/2cc1a632c8c5511c86638369/jhhhhhh.jpg","usages":["542928420"]},{"id":"user-image-1082334.png","publicUrl":"np://user.desktop.nicepage.com/Site_898600422/images/1082334.png","size":2477,"hash":"TOzERCvjB458uLx9JX/nkiok3IM=","fileName":"1082334.png","name":"1082334","width":128,"height":128,"thumbnail":{"url":"np://user.desktop.nicepage.com/Site_898600422/images/thumbnails/1082334.png","width":128,"height":128,"length":2477,"type":"png"},"originalUrl":"//images01.nicepagecdn.com/c461c07a441a5d220e8feb1a/9cfd6fbc54185106b190af5c/1082334.png","usages":["542928420"]},{"id":"user-image-2791568.png","publicUrl":"np://user.desktop.nicepage.com/Site_898600422/images/2791568.png","size":1734,"hash":"iaBLGqY0Ssa/pSLMm0hmR7dFyC8=","fileName":"2791568.png","name":"2791568","width":128,"height":128,"thumbnail":{"url":"np://user.desktop.nicepage.com/Site_898600422/images/thumbnails/2791568.png","width":128,"height":128,"length":1734,"type":"png"},"originalUrl":"//images01.nicepagecdn.com/c461c07a441a5d220e8feb1a/cf0ef5298e1b55e59d0de056/2791568.png","usages":["542928420"]},{"id":"user-image-163896071.jpg","publicUrl":"np://user.desktop.nicepage.com/Site_898600422/images/163896071.jpg","size":358906,"hash":"F0WzLlvOYqYSpnJlbSPPpOu+J9Q=","fileName":"163896071.jpg","name":"163896071","width":1600,"height":1000,"thumbnail":{"url":"np://user.desktop.nicepage.com/Site_898600422/images/thumbnails/163896071.jpg","width":250,"height":156},"usages":["542928420"]},{"id":"user-image-escape1.jpg","publicUrl":"np://user.desktop.nicepage.com/Site_898600422/images/escape1.jpg","size":252811,"hash":"GGgYFUY7vxiYvLJBfVzE4QoSNs8=","fileName":"escape1.jpg","name":"escape1","width":750,"height":450,"thumbnail":{"url":"np://user.desktop.nicepage.com/Site_898600422/images/thumbnails/escape1.jpg","width":250,"height":150},"usages":["542928420"]},{"id":"user-image-escape5.jpg","publicUrl":"np://user.desktop.nicepage.com/Site_898600422/images/escape5.jpg","size":60336,"hash":"qYeOdo3lYrewZlGgByeteuuKpoU=","fileName":"escape5.jpg","name":"escape5","width":669,"height":446,"thumbnail":{"url":"np://user.desktop.nicepage.com/Site_898600422/images/thumbnails/escape5.jpg","width":250,"height":167},"usages":["542928420"]},{"id":"user-image-escape2.jpg","publicUrl":"np://user.desktop.nicepage.com/Site_898600422/images/escape2.jpg","size":181816,"hash":"G24hvlfct2cyhjwiLy7RcfnKWbY=","fileName":"escape2.jpg","name":"escape2","width":2000,"height":1333,"thumbnail":{"url":"np://user.desktop.nicepage.com/Site_898600422/images/escape2.jpg","width":250,"height":167},"usages":["542928420"]},{"id":"user-image-escape3.jpg","publicUrl":"np://user.desktop.nicepage.com/Site_898600422/images/escape3.jpg","size":56102,"hash":"PgT3OHI40Tj6vsFmMJw6JLzlp+0=","fileName":"escape3.jpg","name":"escape3","width":800,"height":449,"thumbnail":{"url":"np://user.desktop.nicepage.com/Site_898600422/images/escape3.jpg","width":250,"height":140},"usages":["542928420"]},{"id":"user-image-escape4.jpg","publicUrl":"np://user.desktop.nicepage.com/Site_898600422/images/escape4.jpg","size":5518,"hash":"d0mKzfzOCWF7MhqJABBBwBM2ev8=","fileName":"escape4.jpg","name":"escape4","width":300,"height":271,"thumbnail":{"url":"np://user.desktop.nicepage.com/Site_898600422/images/escape4.jpg","width":250,"height":226},"usages":["542928420"]},{"id":"user-image-escape6.jpg","publicUrl":"np://user.desktop.nicepage.com/Site_898600422/images/escape6.jpg","size":146750,"hash":"qEaQzJAJbFwhcXCQsyCwAqbqkcM=","fileName":"escape6.jpg","name":"escape6","width":1536,"height":864,"thumbnail":{"url":"np://user.desktop.nicepage.com/Site_898600422/images/thumbnails/escape6.jpg","width":250,"height":141},"usages":["542928420"]},{"id":"user-image-logo.png","publicUrl":"np://user.desktop.nicepage.com/Site_898600422/images/logo.png","size":12207,"hash":"wpcbr1uO8MXGd8IROFKB1aZ+p3g=","fileName":"logo.png","name":"logo","width":640,"height":126,"thumbnail":{"url":"np://user.desktop.nicepage.com/Site_898600422/images/thumbnails/logo.png","width":250,"height":49},"usages":[]},{"id":"user-image-IMG22.png","publicUrl":"np://user.desktop.nicepage.com/Site_898600422/images/IMG22.png","size":232150,"hash":"s7pIfW2OcTWZiswzRzhxCOybgx4=","fileName":"IMG22.png","name":"IMG22","width":776,"height":767,"thumbnail":{"url":"np://user.desktop.nicepage.com/Site_898600422/images/thumbnails/IMG22.png","width":250,"height":247},"usages":["542928420"]},{"id":"user-image-escape7.jpg","publicUrl":"np://user.desktop.nicepage.com/Site_898600422/images/escape7.jpg","size":219377,"hash":"EYtfc8QaBzy0m28dyJ42wJRt5Jk=","fileName":"escape7.jpg","name":"escape7","width":910,"height":861,"thumbnail":{"url":"np://user.desktop.nicepage.com/Site_898600422/images/thumbnails/escape7.jpg","width":250,"height":237},"usages":["542928420"]},{"id":"user-image-1804925.png","publicUrl":"np://user.desktop.nicepage.com/Site_898600422/images/1804925.png","size":1912,"hash":"C8vmaUS1iGH1I8z173VNN0bxRV8=","fileName":"1804925.png","name":"1804925","width":128,"height":128,"thumbnail":{"url":"np://user.desktop.nicepage.com/Site_898600422/images/thumbnails/1804925.png","width":128,"height":128,"length":1912,"type":"png"},"usages":["542928420"]}]